"Promotion","total_sales","percentage"
BOGO (Buy One Get One),517863.4499999967,33.48271142129533
Discount on Selected Items,515263.25999999914,33.31459488128761
None,513532.5300000009,33.20269369741739
