"Discount_Applied","total_sales","percentage"
1,771225.6,49.8639635709287
0,775433.64,50.13603642907189
